comment_id,status_id,parent_id,comment_message,comment_author,comment_published,num_reactions,num_likes,num_loves,num_wows,num_hahas,num_sads,num_angrys,num_special
10157342742411558_10157342924511558,274699336557_10157342742411558,,Maxime Michiels,author of comments,2019-07-31 04:36:14,0,0,0,0,0,0,0,0
10157342742411558_10157343034721558,274699336557_10157342742411558,,ğŸ’™ğŸ”µ,author of comments,2019-07-31 06:10:34,0,0,0,0,0,0,0,0
10157342742411558_10157344479796558,274699336557_10157342742411558,,Zijn er bij de acties ook winnaars ?ğŸ¤”,author of comments,2019-07-31 16:38:45,0,0,0,0,0,0,0,0
10157342742411558_10157344672296558,274699336557_10157342742411558,10157342742411558_10157344479796558,Steve Hanoulle we zijn allemaal winnaarsğŸ’ªğŸ’ª,author of comments,2019-07-31 18:23:20,0,0,0,0,0,0,0,0
10157340995281558_10157341001071558,274699336557_10157340995281558,,Robby Loos,author of comments,2019-07-30 10:03:01,0,0,0,0,0,0,0,0
10157340995281558_10157341117251558,274699336557_10157340995281558,10157340995281558_10157341001071558,Stijn Ulenaers vandaag gekocht ğŸ™ˆ,author of comments,2019-07-30 10:54:31,0,0,0,0,0,0,0,0
10157340995281558_10157341219656558,274699336557_10157340995281558,10157340995281558_10157341001071558,Robby Loos goed bezig ğŸ˜…,author of comments,2019-07-30 11:43:33,0,0,0,0,0,0,0,0
10157340995281558_10157341237516558,274699336557_10157340995281558,,Sam Geysels Xander Przygoda,author of comments,2019-07-30 11:51:52,2,2,0,0,0,0,0,0
10157340995281558_10157341289836558,274699336557_10157340995281558,10157340995281558_10157341237516558,Jef Bergmans 130,author of comments,2019-07-30 12:15:32,0,0,0,0,0,0,0,0
10157340995281558_10157341740586558,274699336557_10157340995281558,10157340995281558_10157341237516558,Sam Geysels haal die dan,author of comments,2019-07-30 15:43:42,0,0,0,0,0,0,0,0
10157340995281558_10157342970606558,274699336557_10157340995281558,10157340995281558_10157341237516558,Jef Bergmans al 190 geworden ?,author of comments,2019-07-31 05:19:17,0,0,0,0,0,0,0,0
10157340995281558_10157342971076558,274699336557_10157340995281558,10157340995281558_10157341237516558,Xander Przygoda nee 190 is voor +21,author of comments,2019-07-31 05:19:44,0,0,0,0,0,0,0,0
10157340995281558_10157342971621558,274699336557_10157340995281558,10157340995281558_10157341237516558,Gaan die gasjes wel presteren ?,author of comments,2019-07-31 05:20:23,0,0,0,0,0,0,0,0
10157340995281558_10157342984336558,274699336557_10157340995281558,10157340995281558_10157341237516558,Xander Przygoda zonder uw hulp vrees ik ervoor,author of comments,2019-07-31 05:28:56,0,0,0,0,0,0,0,0
10157340995281558_10157343001641558,274699336557_10157340995281558,10157340995281558_10157341237516558,Sam Geysels dan zullen we deze aankoop maar overwegen,author of comments,2019-07-31 05:42:00,2,0,2,0,0,0,0,0
10157340995281558_10157341490656558,274699336557_10157340995281558,,club brugge is coming for this club,author of comments,2019-07-30 13:40:07,4,0,0,0,4,0,0,0
10157340995281558_10157341619996558,274699336557_10157340995281558,,"Ik heb een vraagje: waarom blijven mijn forza punten staan op 0 bij de app? Ik heb sinds dit seizoen abonnee, en ben vorige week na de match geweest + gestemd. Weet iemand wat er fout gaat? Alvast bedankt",author of comments,2019-07-30 14:46:25,0,0,0,0,0,0,0,0
10157340995281558_10157346099661558,274699336557_10157340995281558,10157340995281558_10157341619996558,Yvonne Yvonne : hierboven staat: â€œ Bericht versturen â€œ. Stuur je vraag door naar KRC. Heb ik onlangs ook gedaan en kreeg spoedig antwoord ! Suk6 !,author of comments,2019-08-01 09:29:41,0,0,0,0,0,0,0,0
10157340995281558_10157341642186558,274699336557_10157340995281558,,Serge Janssen,author of comments,2019-07-30 14:59:11,1,1,0,0,0,0,0,0
10157340995281558_10157341897546558,274699336557_10157340995281558,10157340995281558_10157341642186558,Komt inorde ğŸ˜‰,author of comments,2019-07-30 16:52:19,1,1,0,0,0,0,0,0
10157340995281558_10157341705741558,274699336557_10157340995281558,,waar zijn ze nu die alleen abbo kopen in de play offs als genk kampioen kan spelen?? ğŸ¤”,author of comments,2019-07-30 15:29:03,0,0,0,0,0,0,0,0
10157340995281558_10157342997961558,274699336557_10157340995281558,10157340995281558_10157341705741558,"Inez Ramakers zo zijn er overal,succes supporters noem ik hun",author of comments,2019-07-31 05:39:00,0,0,0,0,0,0,0,0
10157340995281558_10157341754606558,274699336557_10157340995281558,,Michael Barez Glenn Deventer,author of comments,2019-07-30 15:48:41,1,1,0,0,0,0,0,0
10157340995281558_10157342604216558,274699336557_10157340995281558,10157340995281558_10157341754606558,Thalytha Barez haha Lotte De Maeseneire ga me neerschieten om de 2 weken naar voetbal. :-p,author of comments,2019-07-31 00:18:47,1,0,0,0,1,0,0,0
10157340995281558_10157342608311558,274699336557_10157340995281558,10157340995281558_10157341754606558,Michael Barez ; Thalytha Barez Glenn Deventer ook vrees ik ğŸ˜…,author of comments,2019-07-31 00:23:15,1,0,0,0,1,0,0,0
10157340995281558_10157342776136558,274699336557_10157340995281558,,Club Brugge all the way,author of comments,2019-07-31 02:22:28,0,0,0,0,0,0,0,0
10157340995281558_10157343027891558,274699336557_10157340995281558,,Vin het wel achterlijk dat ik helemaal naar Genk moet rijden om mijn zoon zijn abbo te verlengen.,author of comments,2019-07-31 06:04:39,0,0,0,0,0,0,0,0
10157340995281558_10157343296596558,274699336557_10157340995281558,,Cato Geskens?,author of comments,2019-07-31 08:40:48,2,0,1,0,0,0,1,0
10157340995281558_10157343671201558,274699336557_10157340995281558,10157340995281558_10157343296596558,Jorn Schroyen wil je ook graag mee?ğŸ˜‹,author of comments,2019-07-31 11:13:01,0,0,0,0,0,0,0,0
10157340995281558_10157343689946558,274699336557_10157340995281558,10157340995281558_10157343296596558,Miete Geskens fijn dat je er aan denkt maar liever niet ğŸ™„,author of comments,2019-07-31 11:23:18,1,0,0,1,0,0,0,0
10157340756371558_10157340758586558,274699336557_10157340756371558,,Jelle Levi suckt ğŸ˜ª,author of comments,2019-07-30 07:59:07,2,0,0,0,0,2,0,0
10157340756371558_10157342761846558,274699336557_10157340756371558,10157340756371558_10157340758586558,Het zeepeke,author of comments,2019-07-31 02:12:11,0,0,0,0,0,0,0,0
10157340756371558_10157340763356558,274699336557_10157340756371558,,Gert Wertelaers fixt da is,author of comments,2019-07-30 08:01:28,0,0,0,0,0,0,0,0
10157340756371558_10157340932491558,274699336557_10157340756371558,10157340756371558_10157340763356558,"Merci voor't vertrouwen Daan, maar heb daar niks te zeggen ;)",author of comments,2019-07-30 09:29:29,1,1,0,0,0,0,0,0
10157340756371558_10157340765021558,274699336557_10157340756371558,,"Coucke wordt 1ste keeper. Jackers zou in principe vertrekken, maar zal nu misschien moeten blijven.",author of comments,2019-07-30 08:02:31,0,0,0,0,0,0,0,0
10157340756371558_10157340767271558,274699336557_10157340756371558,,Veel beterschap en succes bij het werk aan de terugkeer ğŸ’ª,author of comments,2019-07-30 08:03:41,0,0,0,0,0,0,0,0
10157340756371558_10157340768266558,274699336557_10157340756371558,,ğŸ˜©,author of comments,2019-07-30 08:04:32,0,0,0,0,0,0,0,0
10157340756371558_10157340768496558,274699336557_10157340756371558,,Spoedig herstel ğŸ€ğŸ€ğŸ€ Come back stronger ğŸ’ªğŸ’ªğŸ’ªğŸ’™ğŸ’™ğŸ’™,author of comments,2019-07-30 08:04:43,1,1,0,0,0,0,0,0
10157340756371558_10157340770296558,274699336557_10157340756371558,,Get well soon Danny en veel succes aan GaÃ«tan Coucke en Maarten Vandevoordt ğŸ‘,author of comments,2019-07-30 08:05:45,2,2,0,0,0,0,0,0
10157340756371558_10157340859446558,274699336557_10157340756371558,10157340756371558_10157340770296558,Niks jackers dan maat?,author of comments,2019-07-30 08:54:53,1,1,0,0,0,0,0,0
10157340756371558_10157341108886558,274699336557_10157340756371558,10157340756371558_10157340770296558,Die gaat/wilt weg,author of comments,2019-07-30 10:50:28,0,0,0,0,0,0,0,0
10157340756371558_10157340779846558,274699336557_10157340756371558,,Misschien Yann Sommer huren?,author of comments,2019-07-30 08:11:35,3,1,0,0,2,0,0,0
10157340756371558_10157340836806558,274699336557_10157340756371558,10157340756371558_10157340779846558,ğŸ¤”,author of comments,2019-07-30 08:43:40,1,1,0,0,0,0,0,0
10157340756371558_10157340780651558,274699336557_10157340756371558,,Spoedig herstel champ ğŸ’ª,author of comments,2019-07-30 08:11:48,0,0,0,0,0,0,0,0
10157340756371558_10157340782401558,274699336557_10157340756371558,,"Maarten Dewilde Siemen Wijgaerts , Coucke eerste keeper dus",author of comments,2019-07-30 08:12:37,1,0,0,0,0,1,0,0
10157340756371558_10157340917081558,274699336557_10157340756371558,10157340756371558_10157340782401558,Mathias Henrioulle is goed geef die jong mannen maar de kans eens nu,author of comments,2019-07-30 09:21:27,0,0,0,0,0,0,0,0
10157340756371558_10157340788756558,274699336557_10157340756371558,,Jackers eerste doelman  maken  nu,author of comments,2019-07-30 08:16:03,6,1,0,0,5,0,0,0
10157340756371558_10157340790606558,274699336557_10157340756371558,,Matthias Smedts Noooo !!?! :S,author of comments,2019-07-30 08:17:11,1,0,0,0,0,1,0,0
10157340756371558_10157340795996558,274699336557_10157340756371558,,Ingbert Ledocte niet goed!,author of comments,2019-07-30 08:20:20,1,0,0,0,0,1,0,0
10157340756371558_10157340895971558,274699336557_10157340756371558,10157340756371558_10157340795996558,No indeed ğŸ˜ de CL moeten missen ğŸ˜• en benieuwd hoe ze dit gaan oplossen; met ne jonkie mss : ),author of comments,2019-07-30 09:12:44,0,0,0,0,0,0,0,0
10157340756371558_10157341047446558,274699336557_10157340756371558,10157340756371558_10157340795996558,"Ingbert Ledocte ja, helaas... Jonkies zijn goed maar direct Champions league is mss wat tÃ©",author of comments,2019-07-30 10:23:07,1,1,0,0,0,0,0,0
10157340756371558_10157341051591558,274699336557_10157340756371558,10157340756371558_10157340795996558,Ingbert Ledocte 6 maand blijkbaar...pff,author of comments,2019-07-30 10:24:33,1,0,0,0,0,1,0,0
10157340756371558_10157341633571558,274699336557_10157340756371558,10157340756371558_10157340795996558,Ja idd ğŸ˜¢ heel klote voor hem Ã©n de ploeg ğŸ˜ hopelijk is hij snel(ler) terug.. Als er bij de jonkies toevallig nen 2de Courtois zit zou da mooi zijn ğŸ˜Š maar anders mss ja Mignolet een half jaartje huren ofzo ğŸ˜•,author of comments,2019-07-30 14:53:29,0,0,0,0,0,0,0,0
10157340756371558_10157340799251558,274699336557_10157340756371558,,"Devastated by this news... Get well soon, Danny! ğŸ’™ğŸ’ªğŸ¾
And in Guyke Martens & Gaetan we trust ğŸ˜‰",author of comments,2019-07-30 08:22:15,4,4,0,0,0,0,0,0
10157340756371558_10157340800816558,274699336557_10157340756371558,,Get well soon Danny!!!,author of comments,2019-07-30 08:23:21,0,0,0,0,0,0,0,0
10157340756371558_10157340802601558,274699336557_10157340756371558,,Speedy recovery Danny! Coucke nu volop zijn kans geven.,author of comments,2019-07-30 08:24:16,1,1,0,0,0,0,0,0
10157340756371558_10157340808386558,274699336557_10157340756371558,,"Hoe erg is dat! Voor onze KRC, maar zeker voor hem. Get well soon Dany! Succes aan de youngsters!",author of comments,2019-07-30 08:27:55,1,1,0,0,0,0,0,0
10157340756371558_10157340813711558,274699336557_10157340756371558,,Izzy Van Rompaey onze danny,author of comments,2019-07-30 08:30:41,1,0,0,1,0,0,0,0
10157340756371558_10157340817491558,274699336557_10157340756371558,,Jackers en coucke?? genoeg betrouwbaar???,author of comments,2019-07-30 08:33:18,0,0,0,0,0,0,0,0
10157340756371558_10157340819131558,274699336557_10157340756371558,,Bij de Belgische beloften viel Jackers door de mand,author of comments,2019-07-30 08:34:17,0,0,0,0,0,0,0,0
10157340756371558_10157340838196558,274699336557_10157340756371558,,Get well soon Big Dan,author of comments,2019-07-30 08:44:25,2,2,0,0,0,0,0,0
10157340756371558_10157340849341558,274699336557_10157340756371558,,Get Well Soon dannyboy!,author of comments,2019-07-30 08:49:43,1,1,0,0,0,0,0,0
10157340756371558_10157340862801558,274699336557_10157340756371558,,"Voor de CL Mignolet halen tot aan de winterstop, zoals Ryan en voor comp kiezen ts Coucke of Vandervoort",author of comments,2019-07-30 08:56:22,3,3,0,0,0,0,0,0
10157340756371558_10157340922326558,274699336557_10157340756371558,10157340756371558_10157340862801558,Jimmy Flamand als ge mignolet haalt dan moet ge hem ook alle matchen laten spelen. Behalve de beker ofs,author of comments,2019-07-30 09:24:14,0,0,0,0,0,0,0,0
10157340756371558_10157340996786558,274699336557_10157340756371558,10157340756371558_10157340862801558,ik denk dat Mignolet al heel content is als hij CL kan spelen,author of comments,2019-07-30 10:01:04,0,0,0,0,0,0,0,0
10157340756371558_10157341002251558,274699336557_10157340756371558,10157340756371558_10157340862801558,"Jimmy ik ben een genkfan abbo alles.. Ma denkt gy echt da mignolet na een mini clubke als genk ga komen voor enkel CL te spelen? Wa denkt gy pie..  Die man kan naar Crystal palace, Psv, Benfica.. Ma die ga da allemaal laten links liggen om naar genk te komen voor alleen CL te pakken.. Ik denk da gy droomt man",author of comments,2019-07-30 10:03:39,1,1,0,0,0,0,0,0
10157340756371558_10157341010531558,274699336557_10157340756371558,10157340756371558_10157340862801558,"Roby Rekoms, ze kunnen altijd proberen. Nee hebben ze, ja kan ook",author of comments,2019-07-30 10:08:00,0,0,0,0,0,0,0,0
10157340756371558_10157341184721558,274699336557_10157340756371558,10157340756371558_10157340862801558,"Ze kunnen altijd proberen. Voor Hagi was er ook interesse van Europese topclubs en hij koos ook voor Genk. Wie niet waagt, niet wint.",author of comments,2019-07-30 11:28:04,1,1,0,0,0,0,0,0
10157340756371558_10157340864651558,274699336557_10157340756371558,,Get well soon!!,author of comments,2019-07-30 08:57:25,0,0,0,0,0,0,0,0
10157340756371558_10157340865546558,274699336557_10157340756371558,,Beterschap vuko,author of comments,2019-07-30 08:57:58,0,0,0,0,0,0,0,0
10157340756371558_10157340873941558,274699336557_10157340756371558,,Ilias Nawaz Jarne Lowet ai ai,author of comments,2019-07-30 09:03:13,2,0,0,0,0,2,0,0
10157340756371558_10157340971446558,274699336557_10157340756371558,10157340756371558_10157340873941558,Bjorn Crnls why :(,author of comments,2019-07-30 09:46:26,0,0,0,0,0,0,0,0
10157340756371558_10157340875076558,274699336557_10157340756371558,,Lars Knibbeler ğŸ˜”ğŸ˜”,author of comments,2019-07-30 09:04:05,0,0,0,0,0,0,0,0
10157340756371558_10157340880021558,274699336557_10157340756371558,,Mignolet huren,author of comments,2019-07-30 09:05:46,2,1,0,0,1,0,0,0
10157340756371558_10157340880656558,274699336557_10157340756371558,,hoeveel weken out ?,author of comments,2019-07-30 09:06:05,1,0,0,0,1,0,0,0
10157340756371558_10157340895231558,274699336557_10157340756371558,10157340756371558_10157340880656558,6 maand,author of comments,2019-07-30 09:12:24,1,0,0,0,0,1,0,0
10157340756371558_10157340949301558,274699336557_10157340756371558,10157340756371558_10157340880656558,Yves Jordens Kriegels menne diene speelt dit seizoen nemeer op niveau,author of comments,2019-07-30 09:37:01,0,0,0,0,0,0,0,0
10157340756371558_10157341350686558,274699336557_10157340756371558,10157340756371558_10157340880656558,AndrÃ©s Camilo Steyls  hopelijk is jackers klaar,author of comments,2019-07-30 12:45:48,0,0,0,0,0,0,0,0
10157340756371558_10157341427286558,274699336557_10157340756371558,10157340756371558_10157340880656558,"Jackers gaat weg, Coucke gaat spelen.",author of comments,2019-07-30 13:15:35,1,1,0,0,0,0,0,0
10157340756371558_10157340883776558,274699336557_10157340756371558,,[[GIF]],author of comments,2019-07-30 09:06:53,0,0,0,0,0,0,0,0
10157340756371558_10157340898796558,274699336557_10157340756371558,,Komt goed Dany !,author of comments,2019-07-30 09:13:55,0,0,0,0,0,0,0,0
10157340756371558_10157340930436558,274699336557_10157340756371558,,Deju toch komt sterker terug en nu Coucke want Jackers wil weg,author of comments,2019-07-30 09:28:49,0,0,0,0,0,0,0,0
10157340756371558_10157340963671558,274699336557_10157340756371558,,Wish him speedy recovery,author of comments,2019-07-30 09:43:08,0,0,0,0,0,0,0,0
10157340756371558_10157340965741558,274699336557_10157340756371558,,Spoedig herstel Vuco ğŸ’ªğŸ€ğŸ’™,author of comments,2019-07-30 09:44:11,0,0,0,0,0,0,0,0
10157340756371558_10157340966911558,274699336557_10157340756371558,,Wish u a speedy recovery aussie!!,author of comments,2019-07-30 09:44:44,0,0,0,0,0,0,0,0
10157340756371558_10157340974486558,274699336557_10157340756371558,,veel beterschap vuko,author of comments,2019-07-30 09:47:59,0,0,0,0,0,0,0,0
10157340756371558_10157341008046558,274699336557_10157340756371558,,"Ge hebt gelijk, Bendert",author of comments,2019-07-30 10:06:14,0,0,0,0,0,0,0,0
10157340756371558_10157341045086558,274699336557_10157340756371558,,"@ Danny Vukovic get well soon mate !!! 
@ Dimi DecondÃ© dringend ne goeie keeper bijkopen",author of comments,2019-07-30 10:22:21,0,0,0,0,0,0,0,0
10157340756371558_10157341112821558,274699336557_10157340756371558,10157340756371558_10157341045086558,David Ilsen waarom?,author of comments,2019-07-30 10:51:54,0,0,0,0,0,0,0,0
10157340756371558_10157341136286558,274699336557_10157340756371558,10157340756371558_10157341045086558,David Ilsen ge hebt 2 toptalenten geef die is de kans,author of comments,2019-07-30 11:03:13,1,1,0,0,0,0,0,0
10157340756371558_10157341424616558,274699336557_10157340756371558,10157340756371558_10157341045086558,"Omda ge anders Europees onmiddellijk uit de boot valt, eigen jeugd ok maar net niet genoeg momenteel",author of comments,2019-07-30 13:14:29,1,1,0,0,0,0,0,0
10157340756371558_10157341054316558,274699336557_10157340756371558,,Get well soon! Good luck vuko!,author of comments,2019-07-30 10:25:38,0,0,0,0,0,0,0,0
10157340756371558_10157341069056558,274699336557_10157340756371558,,Forza Danny !!!,author of comments,2019-07-30 10:32:30,0,0,0,0,0,0,0,0
10157340756371558_10157341069196558,274699336557_10157340756371558,,Get well soon mate,author of comments,2019-07-30 10:32:35,0,0,0,0,0,0,0,0
10157340756371558_10157341069206558,274699336557_10157340756371558,,Veel beterschap ğŸ’™ğŸ’™ğŸ’™âš½ï¸âš½ï¸âš½ï¸,author of comments,2019-07-30 10:32:36,0,0,0,0,0,0,0,0
10157340756371558_10157341073491558,274699336557_10157340756371558,,ğŸ‘‘ğŸ˜¢,author of comments,2019-07-30 10:34:38,1,1,0,0,0,0,0,0
10157340756371558_10157341095546558,274699336557_10157340756371558,,"Keeper van Mechelen halen .
Die van de beker .",author of comments,2019-07-30 10:46:08,1,0,0,0,1,0,0,0
10157340756371558_10157341117866558,274699336557_10157340756371558,,Get well soon champ!,author of comments,2019-07-30 10:54:46,0,0,0,0,0,0,0,0
10157340756371558_10157341124186558,274699336557_10157340756371558,,Nu Coucke zijn kans talent genoeg,author of comments,2019-07-30 10:57:43,0,0,0,0,0,0,0,0
10157340756371558_10157341157226558,274699336557_10157340756371558,,Get  well soon vuko,author of comments,2019-07-30 11:13:13,0,0,0,0,0,0,0,0
10157340756371558_10157341164731558,274699336557_10157340756371558,,Spoedig herstel DANNY ! ğŸ‘ğŸ’™âš½ï¸ğŸ¥…,author of comments,2019-07-30 11:17:23,0,0,0,0,0,0,0,0
10157340756371558_10157341188766558,274699336557_10157340756371558,,Oh hoe erg ğŸ˜¥,author of comments,2019-07-30 11:30:19,0,0,0,0,0,0,0,0
10157340756371558_10157341197581558,274699336557_10157340756371558,,Herinner u hoe Courtois destijds is doorgebroken bij KRC ! Waarom dan een van de jongeren dan nu geen kans geven ? Wij hebben het potentieel aan jonge gasten in huis ! Maak er dan gebruik van !,author of comments,2019-07-30 11:35:01,1,1,0,0,0,0,0,0
10157340756371558_10157341218756558,274699336557_10157340756371558,,Spoedig herstel,author of comments,2019-07-30 11:43:11,0,0,0,0,0,0,0,0
10157340756371558_10157341228666558,274699336557_10157340756371558,,"De jongere een kans geven aub , als het negatief is . Laatste dag van de transferperiode eentje bij halen .",author of comments,2019-07-30 11:47:23,0,0,0,0,0,0,0,0
10157340756371558_10157341231141558,274699336557_10157340756371558,,"Get well, Danny.",author of comments,2019-07-30 11:48:20,0,0,0,0,0,0,0,0
10157340756371558_10157341242571558,274699336557_10157340756371558,,"Geef nu jackers zijn kans, die jongen is en blijft nog altijd een groot talent en heeft al aangegeven dat hij 1e keeper wil zijn.. die jongen wilt spelen en barst van het talent!! Spoedig en snel herstel vuko!!ğŸ‘Š",author of comments,2019-07-30 11:55:05,3,3,0,0,0,0,0,0
10157340756371558_10157341688776558,274699336557_10157340756371558,10157340756371558_10157341242571558,"Romano Vanonckelen maat, hij wou weg en krijgt zeker geen kans nu zal coucke in de goal staan en vandevoordt 2de keeper",author of comments,2019-07-30 15:20:33,0,0,0,0,0,0,0,0
10157340756371558_10157343071246558,274699336557_10157340756371558,10157340756371558_10157341242571558,En waarom wou hij weg?,author of comments,2019-07-31 06:36:05,0,0,0,0,0,0,0,0
10157340756371558_10157341296826558,274699336557_10157340756371558,,[[GIF]],author of comments,2019-07-30 12:19:40,0,0,0,0,0,0,0,0
10157340756371558_10157341350336558,274699336557_10157340756371558,,Dario Corsini oioi ennu,author of comments,2019-07-30 12:45:31,0,0,0,0,0,0,0,0
10157340756371558_10157341361276558,274699336557_10157340756371558,,Come back stronger Vuko ğŸ‘ŠğŸ’™,author of comments,2019-07-30 12:51:19,0,0,0,0,0,0,0,0
10157340756371558_10157341387951558,274699336557_10157340756371558,,"Helaas, maar so be it. Der loopt er nog ene bij Eupen rond...",author of comments,2019-07-30 13:01:59,0,0,0,0,0,0,0,0
10157340756371558_10157341543191558,274699336557_10157340756371558,,Zet jackers in de goal  zeker zo goed en nog jong. Geef hem de kans,author of comments,2019-07-30 14:06:19,1,1,0,0,0,0,0,0
10157340756371558_10157341747391558,274699336557_10157340756371558,,Vertrouwen in eigen jeugd.Daar zitten enkele toppers tussen.,author of comments,2019-07-30 15:46:14,0,0,0,0,0,0,0,0
10157340756371558_10157341828876558,274699336557_10157340756371558,,Johny Buvens Kenny Buvens Gerry Gubbelmans,author of comments,2019-07-30 16:20:20,1,1,0,0,0,0,0,0
10157340756371558_10157341835016558,274699336557_10157340756371558,,Spoedig herstel!,author of comments,2019-07-30 16:23:14,0,0,0,0,0,0,0,0
10157340756371558_10157342639776558,274699336557_10157340756371558,,Get well soon!,author of comments,2019-07-31 00:51:53,0,0,0,0,0,0,0,0
10157340756371558_10157342660716558,274699336557_10157340756371558,,Good luck vucoğŸ’™ğŸ’™ğŸ’™,author of comments,2019-07-31 01:14:19,0,0,0,0,0,0,0,0
10157340756371558_10157342666076558,274699336557_10157340756371558,,Coucke gaat doorbreken . Mark my words ğŸ˜Š,author of comments,2019-07-31 01:19:34,0,0,0,0,0,0,0,0
10157340756371558_10157342757446558,274699336557_10157340756371558,,get well soon Danny boy!,author of comments,2019-07-31 02:08:46,0,0,0,0,0,0,0,0
10157340756371558_10157342854491558,274699336557_10157340756371558,,Get well soon vuco,author of comments,2019-07-31 03:28:47,0,0,0,0,0,0,0,0
10157340756371558_10157342947476558,274699336557_10157340756371558,,Coucke een kans geven.Spijtig voor jackers maar hij wilde weg ! Te weinig geduld.Jammer,author of comments,2019-07-31 04:55:13,0,0,0,0,0,0,0,0
10157340756371558_10157343072041558,274699336557_10157340756371558,10157340756371558_10157342947476558,Jos Cox te weinig geduld??,author of comments,2019-07-31 06:36:35,0,0,0,0,0,0,0,0
10157340756371558_10157343072986558,274699336557_10157340756371558,,Sterkte  danny,author of comments,2019-07-31 06:37:17,0,0,0,0,0,0,0,0
10157340756371558_10157343122021558,274699336557_10157340756371558,,Get well soon VukoğŸ’™âšªï¸,author of comments,2019-07-31 07:02:02,0,0,0,0,0,0,0,0
10157340756371558_10157346700011558,274699336557_10157340756371558,,Jackers!,author of comments,2019-08-01 13:52:06,0,0,0,0,0,0,0,0
10157340287906558_10157340475151558,274699336557_10157340287906558,,Waar zijn de Haters?,author of comments,2019-07-30 05:03:18,6,4,1,1,0,0,0,0
10157340287906558_10157340493036558,274699336557_10157340287906558,10157340287906558_10157340475151558,Claudiu Claes Hahahahhahahaha Wat een haat toen hij tekende man!!!,author of comments,2019-07-30 05:13:30,3,3,0,0,0,0,0,0
10157340287906558_10157340506776558,274699336557_10157340287906558,10157340287906558_10157340475151558,Claudiu Claes Haters?? Iedereen was juist enorm blij met zijn komst.,author of comments,2019-07-30 05:22:49,2,2,0,0,0,0,0,0
10157340287906558_10157340561401558,274699336557_10157340287906558,10157340287906558_10157340475151558,"Denk dat er geen haters waren,dus u bericht is  irrelevant kerel",author of comments,2019-07-30 06:02:13,0,0,0,0,0,0,0,0
10157340287906558_10157340672586558,274699336557_10157340287906558,10157340287906558_10157340475151558,Denk dat hij dat op een andere fb pagina gelezen heeft ğŸ˜‰,author of comments,2019-07-30 07:10:09,1,1,0,0,0,0,0,0
10157340287906558_10157340674136558,274699336557_10157340287906558,10157340287906558_10157340475151558,"Ik kan u vertellen, ik heb genoeg comments gezien met daar haat op",author of comments,2019-07-30 07:10:42,0,0,0,0,0,0,0,0
10157340287906558_10157340692681558,274699336557_10157340287906558,10157340287906558_10157340475151558,"Claudiu Claes der gaan altijd haters zijn, maakt ni uit over welke speler het gaat, maar om hem nu man van de match te maken omdat hij de winning goal gemaakt heeft vind ik er over. Er zijn spelers die 90 minuten goed gespeeld hebben die het meer verdienen dan zijn 15 minuten op het veld. Des al niet te min, ik ben blij dat hij bij ons speeltğŸ˜‰",author of comments,2019-07-30 07:22:00,2,1,1,0,0,0,0,0
10157340287906558_10157340731461558,274699336557_10157340287906558,10157340287906558_10157340475151558,Niemand haat op hagi mannen. Claudiu is zelf een roemeen en doet gewoon stoer dat er een roemeen bij genk speelt.,author of comments,2019-07-30 07:42:22,0,0,0,0,0,0,0,0
10157340287906558_10157341168466558,274699336557_10157340287906558,10157340287906558_10157340475151558,Claudiu Claes jankbal,author of comments,2019-07-30 11:19:16,0,0,0,0,0,0,0,0
10157340287906558_10157341211356558,274699336557_10157340287906558,10157340287906558_10157340475151558,Tristan Lauwkens een kenner precies,author of comments,2019-07-30 11:39:57,0,0,0,0,0,0,0,0
10157340287906558_10157340492096558,274699336557_10157340287906558,,Ito is vooral fantastisch wat een leuke actie ninja â˜ºï¸ğŸ˜‚,author of comments,2019-07-30 05:12:31,5,5,0,0,0,0,0,0
10157340287906558_10157340565291558,274699336557_10157340287906558,10157340287906558_10157340492096558,"Dominic Collin ito is een kwelduivel voor elke verdediging,ik bezie hem als het ware een kleine efficiente pitbull op die flank en gaat gewoon verder op zijn elang van vorig seizoen",author of comments,2019-07-30 06:04:37,1,1,0,0,0,0,0,0
10157340287906558_10157340507161558,274699336557_10157340287906558,,In de woorden van debiele Sonck gisteravond: wie gaat die man van de gouden schoen houden,author of comments,2019-07-30 05:22:56,3,2,0,0,0,0,1,0
10157340287906558_10157340571216558,274699336557_10157340287906558,10157340287906558_10157340507161558,Daar zit maar 1 debiel en dat is JOOS!,author of comments,2019-07-30 06:09:34,3,1,1,0,0,0,1,0
10157340287906558_10157340594956558,274699336557_10157340287906558,10157340287906558_10157340507161558,"Laurent Fransens , er zaten er gisteren 5 en allemaal Brugse rioolratten. Schandalig dat er nog geen 1min zendtijd naar de kampioen is gegaan. Zelfs goal Hagi was ingekort met retrobeelden van Pa Hagi omdat Franky daar ooit eens heeft tegen mogen shotten. Nu, op 2 sept krijgen ze er van als Genk de dubbele confrontatie Brugge en RSCA met ruime cijfers heeft gewonnen. Mijn ticket voor extra time reeds besteld.",author of comments,2019-07-30 06:27:21,1,1,0,0,0,0,0,0
10157340287906558_10157341212741558,274699336557_10157340287906558,10157340287906558_10157340507161558,Maar niet te hard van stapel lopen maat. En ik ben helemaal niet voor Brugge!,author of comments,2019-07-30 11:40:34,1,1,0,0,0,0,0,0
10157340287906558_10157341441641558,274699336557_10157340287906558,10157340287906558_10157340507161558,Laurent Fransens wij lopen niet van stapel dit is realiteit tis toch waar zeker wij zijn gvd kampioen het hele jaar door ist het al zo on respectloos dat die mannen zijn,author of comments,2019-07-30 13:20:45,1,1,0,0,0,0,0,0
10157340287906558_10157341819566558,274699336557_10157340287906558,10157340287906558_10157340507161558,Jimmy Flamand als ge trotse supporter zijt van KRC dan noem je Sonck toch niet debiel wa is dat nu,author of comments,2019-07-30 16:15:54,2,2,0,0,0,0,0,0
10157340287906558_10157341927611558,274699336557_10157340287906558,10157340287906558_10157340507161558,Croonen Dave die liep nog me ne kakdoek toen Sonck in Genk speelde.,author of comments,2019-07-30 17:09:38,0,0,0,0,0,0,0,0
10157340287906558_10157342598946558,274699336557_10157340287906558,10157340287906558_10157340507161558,"Ivo Du Bois , ik heb al bijna 20 jaar een abo dus ik heb recht van spreken",author of comments,2019-07-31 00:11:37,0,0,0,0,0,0,0,0
10157340287906558_10157342868381558,274699336557_10157340287906558,10157340287906558_10157340507161558,Jimmy Flamand hela Sonck Wesley is geen gene debiel,author of comments,2019-07-31 03:42:56,0,0,0,0,0,0,0,0
10157340287906558_10157342918976558,274699336557_10157340287906558,10157340287906558_10157340507161558,"Chantale Hemelaers , dan moet hem na een match niet gaan roepen Hansi de gouden schoen wint. Als die dit jaar niet naar een Genkie gaat is het verkochte brol van Bartje",author of comments,2019-07-31 04:30:11,0,0,0,0,0,0,0,0
10157340287906558_10157340538291558,274699336557_10157340287906558,,Olivian Surugiu sambata la 21:30 urmatorul meci,author of comments,2019-07-30 05:44:44,1,1,0,0,0,0,0,0
10157340287906558_10157340548376558,274699336557_10157340287906558,10157340287906558_10157340538291558,Cosmin VÄƒduva am nunta,author of comments,2019-07-30 05:52:40,0,0,0,0,0,0,0,0
10157340287906558_10157340540051558,274699336557_10157340287906558,,ğŸ‡§ğŸ‡ªğŸ‡§ğŸ‡·,author of comments,2019-07-30 05:46:30,0,0,0,0,0,0,0,0
10157340287906558_10157340607346558,274699336557_10157340287906558,,Wat een actie van ito .. wereldklasse,author of comments,2019-07-30 06:36:07,4,3,0,1,0,0,0,0
10157340287906558_10157341233091558,274699336557_10157340287906558,10157340287906558_10157340607346558,Luc Janssens ge kent er gene ... Van âš½ğŸ˜,author of comments,2019-07-30 11:49:26,0,0,0,0,0,0,0,0
10157340287906558_10157340698321558,274699336557_10157340287906558,,Ito knappe assist !!!,author of comments,2019-07-30 07:25:45,1,1,0,0,0,0,0,0
10157340287906558_10157340922586558,274699336557_10157340287906558,,Quinten Alaerts hatchiiiiii,author of comments,2019-07-30 09:24:24,0,0,0,0,0,0,0,0
10157340287906558_10157343374991558,274699336557_10157340287906558,10157340287906558_10157340922586558,Gezondheid!,author of comments,2019-07-31 09:15:18,0,0,0,0,0,0,0,0
10157340287906558_10157343768756558,274699336557_10157340287906558,10157340287906558_10157340922586558,Merci Bobbie,author of comments,2019-07-31 11:58:36,0,0,0,0,0,0,0,0
10157340287906558_10157341161451558,274699336557_10157340287906558,,"Heb in het  verleden de vader zien spelen.
Psv - Barcelona europaleague",author of comments,2019-07-30 11:16:12,0,0,0,0,0,0,0,0
10157340287906558_10157341173001558,274699336557_10157340287906558,,KRC Genk official en nygren ??,author of comments,2019-07-30 11:22:06,0,0,0,0,0,0,0,0
10157340287906558_10157341291301558,274699336557_10157340287906558,,Wow!,author of comments,2019-07-30 12:16:05,0,0,0,0,0,0,0,0
10157340287906558_10157341377571558,274699336557_10157340287906558,,Stan Bourgois FORZA IANISSSSS,author of comments,2019-07-30 12:57:56,1,1,0,0,0,0,0,0
10157340287906558_10157341384736558,274699336557_10157340287906558,10157340287906558_10157341377571558,HAGI,author of comments,2019-07-30 13:00:46,1,1,0,0,0,0,0,0
10157340287906558_10157341385696558,274699336557_10157340287906558,10157340287906558_10157341377571558,Ito met al het werk,author of comments,2019-07-30 13:01:04,1,1,0,0,0,0,0,0
10157340287906558_10157341408406558,274699336557_10157340287906558,10157340287906558_10157341377571558,Idd,author of comments,2019-07-30 13:07:25,0,0,0,0,0,0,0,0
10157340287906558_10157342191921558,274699336557_10157340287906558,,Forza Ito !!!,author of comments,2019-07-30 19:32:57,0,0,0,0,0,0,0,0
10157340287906558_10157342595826558,274699336557_10157340287906558,,ğŸ‘ toppie,author of comments,2019-07-31 00:07:43,0,0,0,0,0,0,0,0
10157340310736558_10157340382706558,274699336557_10157340310736558,,ğŸ‘Œ,author of comments,2019-07-30 03:48:01,0,0,0,0,0,0,0,0
10157340310736558_10157340399431558,274699336557_10157340310736558,,Emma Hendrickx,author of comments,2019-07-30 04:01:45,0,0,0,0,0,0,0,0
10157340310736558_10157340430526558,274699336557_10157340310736558,,ğŸ‡§ğŸ‡ªğŸ‡§ğŸ‡·ğŸ˜,author of comments,2019-07-30 04:23:22,0,0,0,0,0,0,0,0
10157340310736558_10157340527636558,274699336557_10157340310736558,,Bram Geutjens ğŸ˜,author of comments,2019-07-30 05:35:32,0,0,0,0,0,0,0,0
10157340310736558_10157340528186558,274699336557_10157340310736558,10157340310736558_10157340527636558,Kevin Neyens beachpartyğŸ˜‚ğŸ˜‚,author of comments,2019-07-30 05:35:59,1,0,0,0,0,0,1,0
10157340310736558_10157340671526558,274699336557_10157340310736558,,Alfred Vanhoef,author of comments,2019-07-30 07:09:33,0,0,0,0,0,0,0,0
10157340310736558_10157343285241558,274699336557_10157340310736558,,ğŸ‡§ğŸ‡·ğŸ‡§ğŸ‡ª,author of comments,2019-07-31 08:34:39,0,0,0,0,0,0,0,0
10157337800931558_10157338001136558,274699336557_10157337800931558,,Had die schuine trap wel willen zien op foto ;),author of comments,2019-07-29 09:02:00,0,0,0,0,0,0,0,0
10157337611461558_10157337633351558,274699336557_10157337611461558,,"Normale fans: we zitten in de top 6!!!
Fluiters in het stadion: we zitten 3 punten van degradatie.",author of comments,2019-07-29 05:22:04,50,36,2,0,12,0,0,0
10157337611461558_10157337678141558,274699336557_10157337611461558,10157337611461558_10157337633351558,"Alex Jamie zittribune fluiters, deze man verwoord het goed",author of comments,2019-07-29 06:02:25,3,2,0,0,1,0,0,0
10157337611461558_10157337758636558,274699336557_10157337611461558,10157337611461558_10157337633351558,Kevin Schepers  alez hup weeral veralgemenen ...,author of comments,2019-07-29 06:58:38,0,0,0,0,0,0,0,0
10157337611461558_10157337653186558,274699336557_10157337611461558,,Foorzaa Racing ! #SittardenGenk,author of comments,2019-07-29 05:39:24,6,6,0,0,0,0,0,0
10157337611461558_10157337663886558,274699336557_10157337611461558,,Come on Genk!,author of comments,2019-07-29 05:48:12,0,0,0,0,0,0,0,0
10157337611461558_10157337771426558,274699336557_10157337611461558,,"next game , next goal hagi !!!!",author of comments,2019-07-29 07:06:57,0,0,0,0,0,0,0,0
10157337611461558_10157338105996558,274699336557_10157337611461558,,ğŸ’™ğŸ’™ğŸ’™âš½ï¸âš½ï¸âš½ï¸,author of comments,2019-07-29 09:52:55,0,0,0,0,0,0,0,0
10157337611461558_10157338132301558,274699336557_10157337611461558,,Maar een ploeg wat thuis kan winnen raar he,author of comments,2019-07-29 10:04:04,0,0,0,0,0,0,0,0
10157337611461558_10157340270171558,274699336557_10157337611461558,10157337611461558_10157338132301558,Rene Coninckx  als de rest uit speelt dan is dat niet zo raar hoor ğŸ˜‚,author of comments,2019-07-30 02:15:29,0,0,0,0,0,0,0,0
10157337611461558_10157340193181558,274699336557_10157337611461558,,ğŸ’™ğŸ’™,author of comments,2019-07-30 01:32:21,0,0,0,0,0,0,0,0
10157337611461558_10157340339576558,274699336557_10157337611461558,,Dikke proficiat aan alle Genkies goede transfers gedaan en goede trainer binnengehaald nu hopen dat alles in de goede plooi valt.doe zo verder FORSA RACING,author of comments,2019-07-30 03:19:34,1,1,0,0,0,0,0,0
10157337611461558_10157340652696558,274699336557_10157337611461558,,"je kan pas na speeldag 5 of 6 iets zeggen over de stand; want als je nu wint tegen een zwakke ploeg (als die al bestaan) en de volgende matchen sterke ploegen tegen hebt, ... Maar elk punt dat je nu laat liggen moet je natuurlijk wel ophalen.",author of comments,2019-07-30 07:00:35,0,0,0,0,0,0,0,0
10157334991191558_10157336941431558,274699336557_10157334991191558,,â¤ï¸ğŸ”ğŸ’¯âš½ï¸ğŸ¤¾â€â™€ï¸,author of comments,2019-07-28 20:23:05,0,0,0,0,0,0,0,0
10157334991191558_10157337494821558,274699336557_10157334991191558,,Stijn Heeren,author of comments,2019-07-29 03:10:26,0,0,0,0,0,0,0,0
10157334991191558_10157337518026558,274699336557_10157334991191558,10157334991191558_10157337494821558,Felix Baert topfan,author of comments,2019-07-29 03:33:16,1,1,0,0,0,0,0,0
10157334991191558_10157338153076558,274699336557_10157334991191558,,ğŸ’™ğŸ’™ğŸ’™âš½ï¸âš½ï¸âš½ï¸,author of comments,2019-07-29 10:14:19,0,0,0,0,0,0,0,0
10157331385441558_10157332358416558,274699336557_10157331385441558,,DacÄƒ era titular dadea vreo 5-6 goluri:)),author of comments,2019-07-27 05:02:43,3,3,0,0,0,0,0,0
10157331385441558_10157332359541558,274699336557_10157331385441558,,Maikel Meert virtueel kampioen vriend,author of comments,2019-07-27 05:03:47,1,0,0,0,1,0,0,0
10157331385441558_10157332387486558,274699336557_10157331385441558,10157331385441558_10157332359541558,Matteo Holtappels is u niks opgevallen ?,author of comments,2019-07-27 05:26:11,0,0,0,0,0,0,0,0
10157331385441558_10157332450331558,274699336557_10157331385441558,10157331385441558_10157332359541558,Nee? ğŸ˜…ğŸ˜…,author of comments,2019-07-27 06:14:54,1,0,0,0,1,0,0,0
10157331385441558_10157332492576558,274699336557_10157331385441558,10157331385441558_10157332359541558,Matteo Holtappels bij beide goals gingen de spelers op hun knieÃ«n ğŸ¤£ğŸ¤™ğŸ» zoals u filmpje,author of comments,2019-07-27 06:41:44,1,0,0,0,1,0,0,0
10157331385441558_10157332980551558,274699336557_10157331385441558,10157331385441558_10157332359541558,Maikel Meert Toch niet naar het Oosten ?,author of comments,2019-07-27 10:58:41,0,0,0,0,0,0,0,0
10157331385441558_10157332371081558,274699336557_10157331385441558,,"Genk you did a great bussiness buying Ianis :) he has so much potential, quite sure he will be your first 11 pick within 4-5 months.",author of comments,2019-07-27 05:13:03,5,5,0,0,0,0,0,0
10157331385441558_10157332387566558,274699336557_10157331385441558,10157331385441558_10157332371081558,"1,5 month! He must be at full fitness when the CL starts!",author of comments,2019-07-27 05:26:21,0,0,0,0,0,0,0,0
10157331385441558_10157332463591558,274699336557_10157331385441558,10157331385441558_10157332371081558,Tom Debola sooner is better but you need time to adapt :),author of comments,2019-07-27 06:25:18,0,0,0,0,0,0,0,0
10157331385441558_10157332373951558,274699336557_10157331385441558,,The Legend is back:D ğŸ˜‹,author of comments,2019-07-27 05:15:19,0,0,0,0,0,0,0,0
10157331385441558_10157332374286558,274699336557_10157331385441558,,SUPER TEAM!ğŸ’™ğŸ’™ğŸ’™,author of comments,2019-07-27 05:15:28,1,1,0,0,0,0,0,0
10157331385441558_10157332396756558,274699336557_10157331385441558,,Sterk begonnen is half gewonnen!,author of comments,2019-07-27 05:32:23,2,2,0,0,0,0,0,0
10157331385441558_10157332398176558,274699336557_10157331385441558,,Hagi  <3,author of comments,2019-07-27 05:33:52,1,1,0,0,0,0,0,0
10157331385441558_10157332412381558,274699336557_10157331385441558,,ğŸ’™ğŸ’™ğŸ’™,author of comments,2019-07-27 05:46:22,1,1,0,0,0,0,0,0
10157331385441558_10157332425796558,274699336557_10157331385441558,,ğŸ’™ğŸ’™ğŸ’™,author of comments,2019-07-27 05:57:47,0,0,0,0,0,0,0,0
10157331385441558_10157332429331558,274699336557_10157331385441558,,Go krc !!,author of comments,2019-07-27 06:00:42,0,0,0,0,0,0,0,0
10157331385441558_10157332439171558,274699336557_10157331385441558,,"Hagi, Nygren maar zeker ook Cuesta... we gaan er nog van horen als ze op elkaar ingespeeld zijn en dan moet den Patrik nog komen ğŸ˜ğŸ¤ªğŸ‰",author of comments,2019-07-27 06:06:47,2,2,0,0,0,0,0,0
10157331385441558_10157332518651558,274699336557_10157331385441558,,"Het eerste kwartier vd tweede helft was van de kampioenenploegğŸ‘ŒğŸ‘ğŸ‘.  Cuesta vond ik de beste nieuwkomer, Nygren een werkpaard id positieve betekenis en de goal v Hagi verraadde technisch talent! De beelden van vake en moeke Hagi pakten me (voetbal is idd mooi) en de speler die de ploeg stuurde vond ik Heynen. Ito is/blijft een plezier om naar te kijken...",author of comments,2019-07-27 07:00:06,8,7,1,0,0,0,0,0
10157331385441558_10157332677571558,274699336557_10157331385441558,10157331385441558_10157332518651558,"Mark Pennings ja die mama, was bijna mee aan het janken! ğŸ˜Š",author of comments,2019-07-27 08:35:10,1,1,0,0,0,0,0,0
10157331385441558_10157332874296558,274699336557_10157331385441558,10157331385441558_10157332518651558,Beste analyse!,author of comments,2019-07-27 10:10:46,1,1,0,0,0,0,0,0
10157331385441558_10157333019361558,274699336557_10157331385441558,10157331385441558_10157332518651558,Cata dreptate ai omule,author of comments,2019-07-27 11:13:50,1,0,0,0,1,0,0,0
10157331385441558_10157333196261558,274699336557_10157331385441558,10157331385441558_10157332518651558,Mooi verwoord! Ze moeten allemaal nog groeien maar denk dat iedereen het potentieel zag...ik vond Maehle en Berge weer hoog niveau (snap nie dat we die kunnen houden tot nu toe) ğŸ˜‚,author of comments,2019-07-27 12:21:04,0,0,0,0,0,0,0,0
10157331385441558_10157333363941558,274699336557_10157331385441558,10157331385441558_10157332518651558,Mark Pennings nergens zo een goede samenvatting gelezen...,author of comments,2019-07-27 13:26:19,0,0,0,0,0,0,0,0
10157331385441558_10157332533381558,274699336557_10157331385441558,,MÃ¢Å£u Mihaela Oana,author of comments,2019-07-27 07:06:29,1,0,0,1,0,0,0,0
10157331385441558_10157332541516558,274699336557_10157331385441558,,ğŸ’™ğŸ’™ğŸ’™,author of comments,2019-07-27 07:11:55,0,0,0,0,0,0,0,0
10157331385441558_10157332710516558,274699336557_10157331385441558,,FeliciTÄ‚RI Ianis ptr un super debut! Poate ajunge È™i CicÄƒldÄƒu la Genk. Este un mijlocaÈ™ de top.,author of comments,2019-07-27 08:50:38,3,3,0,0,0,0,0,0
10157331385441558_10157332854051558,274699336557_10157331385441558,,Top mannen  nu zaterdag  winnen  in  Mechelen  he  we gaan  er voor,author of comments,2019-07-27 09:59:04,1,1,0,0,0,0,0,0
10157331385441558_10157333095226558,274699336557_10157331385441558,,ğŸ’™ğŸ’™ğŸ’™,author of comments,2019-07-27 11:45:09,0,0,0,0,0,0,0,0
10157331385441558_10157333545606558,274699336557_10157331385441558,,Ik ben zo trots dat ik een Genk supporter ben! Na zovele jaren ben ik er zeker van dat we nu echt vertrokken zijn om een echte topper te worden. De juiste mannen zitten op de juiste plaats! Kijk echt uit naar de Champions league! ğŸ’ªğŸ’ªğŸ’ª,author of comments,2019-07-27 14:54:21,6,6,0,0,0,0,0,0
10157331385441558_10157334202046558,274699336557_10157331385441558,,[[STICKER]],author of comments,2019-07-27 19:50:00,0,0,0,0,0,0,0,0
10157331385441558_10157335273421558,274699336557_10157331385441558,,"Beste voetbalvrienden ,   Wij hebben een groep met bijna 1000 leden van alle verschillende ploegen van BelgiÃ«.  kom snel een kijkje nemen en ik beloof u dat je zal blijven plakken â€¦. wij maken samen analyses , prognoses , zeveren over voetbal , we hebben maar 1 regel hou het netjes of je vliegt eruit , ons moderatorteam ziet erop toe dat niemand het te gortig maakt !  we houden ook prono's en kiezen wekelijks de speler en elftal van de maand , er is voor elk wat wils !  kom dus snel af en wordt nu ook een Voetbalzeveraar â€¦..  klik op de onderstaande link https://www.facebook.com/groups/Voetbalzeveraars",author of comments,2019-07-28 07:25:38,0,0,0,0,0,0,0,0
10157331385441558_10157336519676558,274699336557_10157331385441558,,Bedankt vr de ğŸ‘'s maar toch nog deze bedenking toevoegen. Het huidige Genk heeft tot nu nog geen voetbalgeniale combinaties van bv Pozuelo en Trossard getoond. Hebben huidige Genkies dit talent(Ito? Samatta?)? Uiteraard vergden die combinaties training want Trossard vertrok nr de juiste positie nog vooraleer Pozu de bal daar naar stuurde omdat hij wist dat Pozu dat kon/deed. En dat kon alleen na maanden aanwezigheid in de ploeg. Het zou kunnen dat bij de nieuwkomers(Hagi?) dat uitzonderlijke talent aanwezig is maar het vraagt wel een groeitijd onder leiding vd trainers...duimen!,author of comments,2019-07-28 16:31:35,0,0,0,0,0,0,0,0
10157332217546558_10157332217961558,274699336557_10157332217546558,,Tijmen Claes,author of comments,2019-07-27 03:00:22,2,2,0,0,0,0,0,0
10157332217546558_10157332219536558,274699336557_10157332217546558,,Kevin Bms,author of comments,2019-07-27 03:01:39,0,0,0,0,0,0,0,0
10157332217546558_10157332220466558,274699336557_10157332217546558,,ITO!,author of comments,2019-07-27 03:02:34,2,0,1,0,1,0,0,0
10157332217546558_10157332221876558,274699336557_10157332217546558,10157332217546558_10157332220466558,"At the end of this year you are gonna forget this ITO of yours ğŸ˜‚ğŸ˜‚, Hagi Nr 1  !",author of comments,2019-07-27 03:03:46,5,1,2,0,0,0,2,0
10157332217546558_10157332463201558,274699336557_10157332217546558,10157332217546558_10157332220466558,"Leonard Stoica let's hope so, but ITO was, in my opinion, the man of this match :-)",author of comments,2019-07-27 06:24:58,0,0,0,0,0,0,0,0
10157332217546558_10157332220571558,274699336557_10157332217546558,,Grande giocatore,author of comments,2019-07-27 03:02:42,3,3,0,0,0,0,0,0
10157332217546558_10157332220911558,274699336557_10157332217546558,,Class !,author of comments,2019-07-27 03:02:58,0,0,0,0,0,0,0,0
10157332217546558_10157332222841558,274699336557_10157332217546558,,ğŸ”,author of comments,2019-07-27 03:04:18,0,0,0,0,0,0,0,0
10157332217546558_10157332223166558,274699336557_10157332217546558,,Uronen ito heynen mochten dat ook zijn van mij ğŸ’™ğŸ’™ğŸ’™ğŸ’™,author of comments,2019-07-27 03:04:38,3,3,0,0,0,0,0,0
10157332217546558_10157332224171558,274699336557_10157332217546558,,Voor mij Ito ğŸ‘ŠğŸ‘Š,author of comments,2019-07-27 03:05:10,5,4,0,0,1,0,0,0
10157332217546558_10157332224586558,274699336557_10157332217546558,,MotM? Beetje overdreven.,author of comments,2019-07-27 03:05:38,9,8,0,0,0,0,1,0
10157332217546558_10157332226361558,274699336557_10157332217546558,10157332217546558_10157332224586558,Benoit Dehon ğŸ‘,author of comments,2019-07-27 03:07:15,1,1,0,0,0,0,0,0
10157332217546558_10157332225776558,274699336557_10157332217546558,,Bravo Ianis Hagi  â¤ğŸ‡¹ğŸ‡©,author of comments,2019-07-27 03:06:40,2,1,1,0,0,0,0,0
10157332217546558_10157332226296558,274699336557_10157332217546558,,Serieus? Em heeft 5 min gespeeld... ito verdiende het meer. Samatta ook hard gewerkt,author of comments,2019-07-27 03:07:11,13,11,0,0,2,0,0,0
10157332217546558_10157332274536558,274699336557_10157332217546558,10157332217546558_10157332226296558,Lionel Likin en heynen dan,author of comments,2019-07-27 03:49:25,2,2,0,0,0,0,0,0
10157332217546558_10157332227376558,274699336557_10157332217546558,,Was toch wel Heynen of Ito. Hagi was matchwinnaar.,author of comments,2019-07-27 03:08:07,14,14,0,0,0,0,0,0
10157332217546558_10157332230406558,274699336557_10157332217546558,10157332217546558_10157332227376558,"Christiaan Labanowski, idd!",author of comments,2019-07-27 03:10:15,0,0,0,0,0,0,0,0
10157332217546558_10157332234591558,274699336557_10157332217546558,10157332217546558_10157332227376558,Christiaan Labanowski of Cuesta ook heel verdienstelijk.,author of comments,2019-07-27 03:15:14,1,1,0,0,0,0,0,0
10157332217546558_10157332248031558,274699336557_10157332217546558,10157332217546558_10157332227376558,Christiaan Labanowski daaraan zie dat er veel mensen niet veel van voetbal kennen. Hoe kun je nu man van de match zijn als je maar een kwartier speel. Dan moet je al super goed zijn.,author of comments,2019-07-27 03:24:20,0,0,0,0,0,0,0,0
10157332217546558_10157332261916558,274699336557_10157332217546558,10157332217546558_10157332227376558,Christiaan Labanowski Benson dat is U man van de match zeker ! De Flop van de match !,author of comments,2019-07-27 03:37:24,0,0,0,0,0,0,0,0
10157332217546558_10157332265891558,274699336557_10157332217546558,10157332217546558_10157332227376558,Johan Kiggen  wa scheelt er met u ? Heb ik da ergens gezegd ofzo ?,author of comments,2019-07-27 03:41:15,0,0,0,0,0,0,0,0
10157332217546558_10157332279081558,274699336557_10157332217546558,10157332217546558_10157332227376558,Sarah Orens  eigenlijk zoutje toch al moeten weten dat de supporters daar in 99% van de gevalen de winnende doelpunten maker als motm kiezen . Dus daarom stem ik nu ook altijd zo ğŸ˜‚,author of comments,2019-07-27 03:54:36,1,0,0,0,1,0,0,0
10157332217546558_10157332283226558,274699336557_10157332217546558,10157332217546558_10157332227376558,"Diego Daniels, zo is het! Maar het is wel een zalige binnenkomer van Hagi. We gaan veel plezier beleven aan die jongen, daar ben ik zeker van. Nygren daarentegen was teleurstellend vond ik. Veel slechte balcontroles en slechte passes, makkelijk van de bal af te zetten. Had ik toch meer van verwacht. Maar hij is nog maar 18 jaar dus zullen hem nog wat tijd geven.",author of comments,2019-07-27 03:58:45,0,0,0,0,0,0,0,0
10157332217546558_10157332285866558,274699336557_10157332217546558,10157332217546558_10157332227376558,"Sarah Orens berge was de 1ste helft ook heel zwak, slechte controles en over de bal vallen ...",author of comments,2019-07-27 04:01:05,1,1,0,0,0,0,0,0
10157332217546558_10157332293926558,274699336557_10157332217546558,10157332217546558_10157332227376558,"Er zouden twee prijzen dienen te zijn, de man van de match en de match winnaar!",author of comments,2019-07-27 04:07:54,0,0,0,0,0,0,0,0
10157332217546558_10157332294731558,274699336557_10157332217546558,10157332217546558_10157332227376558,En onder ons gezegd Vukovic mag met verven de keeper van de match genoemd worden!,author of comments,2019-07-27 04:08:24,1,1,0,0,0,0,0,0
10157332217546558_10157332297886558,274699336557_10157332217546558,10157332217546558_10157332227376558,"Diego Daniels, klopt helemaal.",author of comments,2019-07-27 04:11:30,1,1,0,0,0,0,0,0
10157332217546558_10157332227846558,274699336557_10157332217546558,,Heynen sowieso man van de match. Hagi maakte het proper af!,author of comments,2019-07-27 03:08:14,6,6,0,0,0,0,0,0
10157332217546558_10157332228566558,274699336557_10157332217546558,,Heynen en Ito ook ijzersterke match gespeeld vond ik!,author of comments,2019-07-27 03:09:04,3,3,0,0,0,0,0,0
10157332217546558_10157332228631558,274699336557_10157332217546558,,Cuesta maakte echt al 2x een goede indruk. Goed en hard in duel en redelijk met de voeten. Komt goed met die kerel!!,author of comments,2019-07-27 03:09:06,13,10,3,0,0,0,0,0
10157332217546558_10157332229371558,274699336557_10157332217546558,,Heynen vond ik heel goed ğŸ’™,author of comments,2019-07-27 03:09:46,8,6,1,0,1,0,0,0
10157332217546558_10157332229586558,274699336557_10157332217546558,,"Matchwinnaar tot daar aan toe, maar cuesta en heynen zijn toch wel men of the match.",author of comments,2019-07-27 03:09:58,6,6,0,0,0,0,0,0
10157332217546558_10157332236166558,274699336557_10157332217546558,10157332217546558_10157332229586558,Koen Schrooten zelfde mening,author of comments,2019-07-27 03:16:31,0,0,0,0,0,0,0,0
10157332217546558_10157332261616558,274699336557_10157332217546558,10157332217546558_10157332229586558,Koen Schrooten en Ito.,author of comments,2019-07-27 03:37:05,0,0,0,0,0,0,0,0
10157332217546558_10157332272571558,274699336557_10157332217546558,10157332217546558_10157332229586558,"Rita Kemnitz eerste helft was nochtans niet echt top, maar is er wel doorgekomen na de rust.",author of comments,2019-07-27 03:48:06,1,1,0,0,0,0,0,0
10157332217546558_10157332308946558,274699336557_10157332217546558,10157332217546558_10157332229586558,"Koen Schrooten idd, eerste helft de enige die er tenminste een beetje tempo probeerde in te krijgen en defensief op geen enkel foutje te betrappen. Uronen, heynen( eerste half uur wat zoeken) en ito (eerder met flitsen) ook sterk...",author of comments,2019-07-27 04:20:33,1,1,0,0,0,0,0,0
10157332217546558_10157332231451558,274699336557_10157332217546558,,"Met alle respect, maar in 15min spelen? Genoeg anderen hebben een zeer degelijke 2de helft gespeeld.",author of comments,2019-07-27 03:11:13,1,1,0,0,0,0,0,0
10157332217546558_10157332235151558,274699336557_10157332217546558,10157332217546558_10157332231451558,"Nk Lngr vind ik ook, begrijp het ook niet ...",author of comments,2019-07-27 03:15:35,0,0,0,0,0,0,0,0
10157332217546558_10157332231556558,274699336557_10157332217546558,,Op goal na niet veel gezien er waren betere maar ja scoren telt blijkbaar,author of comments,2019-07-27 03:11:19,4,4,0,0,0,0,0,0
10157332217546558_10157332232286558,274699336557_10157332217546558,,Cuesta voor mij,author of comments,2019-07-27 03:12:14,2,2,0,0,0,0,0,0
10157332217546558_10157332233176558,274699336557_10157332217546558,,Enkel en alleen Ito,author of comments,2019-07-27 03:13:26,4,4,0,0,0,0,0,0
10157332217546558_10157332233901558,274699336557_10157332217546558,10157332217546558_10157332233176558,voor mij ook,author of comments,2019-07-27 03:14:10,2,2,0,0,0,0,0,0
10157332217546558_10157332233856558,274699336557_10157332217546558,,Heynen,author of comments,2019-07-27 03:14:06,1,1,0,0,0,0,0,0
10157332217546558_10157332233991558,274699336557_10157332217546558,,"Excuseer, hij raakt 1 bal en die zit er in... dan vond ik nygren indrukwekkender... weinig balverlies geleden en ook een doelpunt gescoord...",author of comments,2019-07-27 03:14:21,2,2,0,0,0,0,0,0
10157332217546558_10157332234081558,274699336557_10157332217546558,,Ito zn aanname niet vergeten.,author of comments,2019-07-27 03:14:32,3,3,0,0,0,0,0,0
10157332217546558_10157332234911558,274699336557_10157332217546558,,Heynen!!,author of comments,2019-07-27 03:15:33,2,2,0,0,0,0,0,0
10157332217546558_10157332243781558,274699336557_10157332217546558,,Ito of Heynen .,author of comments,2019-07-27 03:20:48,3,2,1,0,0,0,0,0
10157332217546558_10157332243921558,274699336557_10157332217546558,,"Voor mij Cuesta, Ito of Heynen. Hagi matchwinnaar. Moet wel erbij zeggen dat hoe hij die bal met gevoel binnen trapt, je ziet wel dat hij een goede balgevoel heeft. Hopelijk past hij zich snel aan in deze competitie.",author of comments,2019-07-27 03:20:50,1,1,0,0,0,0,0,0
10157332217546558_10157332245506558,274699336557_10157332217546558,,Proficiat maar op 15 kunt ge toch niets zeggen kan wel wat maar  ik vond Heynen ook wel best goed ğŸ˜Š,author of comments,2019-07-27 03:22:04,1,1,0,0,0,0,0,0
10157332217546558_10157332245656558,274699336557_10157332217546558,,"Iedereen kan stemmen op de man van de match. Zelfs die fluiters in het stadion. Uiteindelijk kent misschien maar 5% van de fans echt iets van voetbal, maar dat maakt niet uit. Hagi is wel de matchwinnaar. Forza Hagi, forza Ito, forza Heynen,..., en Vuko geen pintjes meer aub.",author of comments,2019-07-27 03:22:10,8,7,0,0,1,0,0,0
10157332217546558_10157332245756558,274699336557_10157332217546558,,Ook Samata...keihard gewerkt,author of comments,2019-07-27 03:22:18,1,1,0,0,0,0,0,0
10157332217546558_10157332246681558,274699336557_10157332217546558,,Man van de match???????????,author of comments,2019-07-27 03:23:10,1,1,0,0,0,0,0,0
10157332217546558_10157332254706558,274699336557_10157332217546558,10157332217546558_10157332246681558,Voor 15 minutjes spellen  en geeft 1 gool ...met deze gol hij win zo  ....zeg jij dat in niet de man van de match?,author of comments,2019-07-27 03:30:58,0,0,0,0,0,0,0,0
10157332217546558_10157332246801558,274699336557_10157332217546558,,Heynen,author of comments,2019-07-27 03:23:17,0,0,0,0,0,0,0,0
10157332217546558_10157332247851558,274699336557_10157332217546558,,Heynen overduidelijk beste man van het veld gisteren ...,author of comments,2019-07-27 03:24:07,2,2,0,0,0,0,0,0
10157332217546558_10157332254206558,274699336557_10157332217546558,10157332217546558_10157332247851558,Sven Sjts inderdaad.,author of comments,2019-07-27 03:30:31,0,0,0,0,0,0,0,0
10157332217546558_10157332250151558,274699336557_10157332217546558,,IAAAAAAANIIIIIISSS,author of comments,2019-07-27 03:26:33,2,2,0,0,0,0,0,0
10157332217546558_10157332250991558,274699336557_10157332217546558,,Brian Heynen was beste man op t veld.,author of comments,2019-07-27 03:27:28,2,2,0,0,0,0,0,0
10157332217546558_10157332251011558,274699336557_10157332217546558,,"Ik begrijp het wel, aangezien hij de goal maakt die de drie punten opleverde. Maar eigenlijk is Heynen of Ito meer man van de match.",author of comments,2019-07-27 03:27:30,5,4,1,0,0,0,0,0
10157332217546558_10157332251341558,274699336557_10157332217546558,,Heynen!,author of comments,2019-07-27 03:27:52,1,1,0,0,0,0,0,0
10157332217546558_10157332768551558,274699336557_10157332217546558,10157332217546558_10157332251341558,"Nee nee, Berge! Wat een flair, wat een machine! Beste speler op de belgische  velden",author of comments,2019-07-27 09:16:45,0,0,0,0,0,0,0,0
10157332217546558_10157332782761558,274699336557_10157332217546558,10157332217546558_10157332251341558,"Somers Jamie de eerste helft had Berge het wat moeilijk. Hij is een ongelooflijk getalenteerde voetballer. Maar als ge ziet hoe Heynen op 1 jaar gegroeid is, dikke chapeau voor die jongen",author of comments,2019-07-27 09:25:37,1,1,0,0,0,0,0,0
10157332217546558_10157332251431558,274699336557_10157332217546558,,"I told you guys, you buy a Diamond.",author of comments,2019-07-27 03:28:00,1,1,0,0,0,0,0,0
10157332217546558_10157332252806558,274699336557_10157332217546558,,Ianis Hagi! ğŸ‡·ğŸ‡´,author of comments,2019-07-27 03:29:07,1,1,0,0,0,0,0,0
10157332217546558_10157332253616558,274699336557_10157332217546558,,Ito,author of comments,2019-07-27 03:29:59,1,0,1,0,0,0,0,0
10157332217546558_10157332256836558,274699336557_10157332217546558,,Heynen = Mr KRC Genk,author of comments,2019-07-27 03:32:03,0,0,0,0,0,0,0,0
10157332217546558_10157332259031558,274699336557_10157332217546558,,"Prachtig debuut met het winnende doelpunt. Liet nadien wel nog een paar keer zijn mannetje lopen bij balbezit van de tegenstander waardoor we in de problemen hadden kunnen komen. Dat moet hij nog leren. Is gewend te spelen in een ploeg die volledig ten dienste speelde van hem. Desalniettemin een super speler met een gave techniek, dat zie je op dat kwartiertje dat hij meegedaan heeft al wel. Komt goed, alleen wel geen man van de match voor mij. Daar kwamen Cuesta, Heynen, de hardwerkende Samatta en Ito op basis van zijn 2de helft meer voor in aanmerking.",author of comments,2019-07-27 03:34:51,9,6,2,0,1,0,0,0
10157332217546558_10157332280161558,274699336557_10157332217546558,10157332217546558_10157332259031558,"Erwin Deckers , dat is mijn mening ook!",author of comments,2019-07-27 03:55:42,0,0,0,0,0,0,0,0
10157332217546558_10157332311056558,274699336557_10157332217546558,10157332217546558_10157332259031558,Erwin Deckers ook mijn mening ğŸ‘ğŸ‘,author of comments,2019-07-27 04:22:28,0,0,0,0,0,0,0,0
10157332217546558_10157332321786558,274699336557_10157332217546558,10157332217546558_10157332259031558,"Idd hier zelfde mening heb dan ook op Ito gestemd, de goal van hagi was de verdienste van Ito ğŸ¤­ğŸ˜Š",author of comments,2019-07-27 04:31:42,0,0,0,0,0,0,0,0
10157332217546558_10157332260826558,274699336557_10157332217546558,,Waren er nog die problemen hadden om te stemmen via de app? Bij ons lukte het niet gisteren,author of comments,2019-07-27 03:36:50,0,0,0,0,0,0,0,0
10157332217546558_10157332269156558,274699336557_10157332217546558,10157332217546558_10157332260826558,Litsa Devriendt Daar werkt nooit iets ! Dan score bord dan licht reclame Dan die welweldige VAR ! Dan vandaag hier geen bier ! Maar goed dat het hout daar nog werkt ! Er lopen toch genoeg Kostuums rond ! ğŸ’™âš½ï¸ğŸ’™ğŸ‘,author of comments,2019-07-27 03:44:58,1,1,0,0,0,0,0,0
10157332217546558_10157332269931558,274699336557_10157332217546558,10157332217546558_10157332260826558,Litsa Devriendt Ik kon ook niet stemmen !,author of comments,2019-07-27 03:45:53,0,0,0,0,0,0,0,0
10157332217546558_10157332273411558,274699336557_10157332217546558,10157332217546558_10157332260826558,Voor de rest alles okÃ© Johan?,author of comments,2019-07-27 03:48:37,7,5,0,0,2,0,0,0
10157332217546558_10157332343266558,274699336557_10157332217546558,10157332217546558_10157332260826558,Litsa Devriendt hier geen probleem,author of comments,2019-07-27 04:48:00,0,0,0,0,0,0,0,0
10157332217546558_10157337457686558,274699336557_10157332217546558,10157332217546558_10157332260826558,Jrd Robson Ja !!!,author of comments,2019-07-29 02:42:34,0,0,0,0,0,0,0,0
10157332217546558_10157332268486558,274699336557_10157332217546558,,Speler hagi dat wordt ons goud haantje we gaan een goede sezoen tegenmoet,author of comments,2019-07-27 03:44:35,0,0,0,0,0,0,0,0
10157332217546558_10157332268791558,274699336557_10157332217546558,,"Matchwinnaar okÃ©, maar man van de match kan toch alleen maar Heynen zijn?",author of comments,2019-07-27 03:44:46,7,7,0,0,0,0,0,0
10157332217546558_10157332269386558,274699336557_10157332217546558,,Als hij gelijk mij word geen probleem ğŸ˜ƒğŸ˜ƒ,author of comments,2019-07-27 03:45:19,0,0,0,0,0,0,0,0
10157332217546558_10157332272031558,274699336557_10157332217546558,,Heb op Cuesta gestemd,author of comments,2019-07-27 03:47:46,1,1,0,0,0,0,0,0
10157332217546558_10157332318186558,274699336557_10157332217546558,10157332217546558_10157332272031558,"Jrd Robson Akkoord hij speelde een goeie partij, maar bij iedere bal in zn rug reageerde hij niet of te traag. Zal een groot werkpunt zijn !! Wel heel sterk in het duel en durft een linie overslaan in de passing",author of comments,2019-07-27 04:28:22,0,0,0,0,0,0,0,0
10157332217546558_10157332272111558,274699336557_10157332217546558,,Vuko redt ook de 0  2 nie vergeten manne ğŸ‘man van de wedstrijd ?ik weet het  nie ğŸ˜¢,author of comments,2019-07-27 03:47:51,0,0,0,0,0,0,0,0
10157332217546558_10157332297676558,274699336557_10157332217546558,10157332217546558_10157332272111558,Pol Corthouts die laat ook de 0-1 binnen,author of comments,2019-07-27 04:11:13,2,2,0,0,0,0,0,0
10157332217546558_10157332302596558,274699336557_10157332217546558,10157332217546558_10157332272111558,Devin Beertens idd en hoe..,author of comments,2019-07-27 04:15:43,0,0,0,0,0,0,0,0
10157332217546558_10157332305296558,274699336557_10157332217546558,10157332217546558_10157332272111558,Pol Corthouts hahahaha man van de match? Die 2-0 voorkomen was hooguit eerherstel voor zijn giga-flater na dik 10 minğŸ‘€ğŸ˜´,author of comments,2019-07-27 04:17:29,0,0,0,0,0,0,0,0
10157332217546558_10157332721726558,274699336557_10157332217546558,10157332217546558_10157332272111558,Devin Beertens de spelers late de sart ook zo vrij scoren ğŸ˜ƒlekker schotje ğŸ˜¢,author of comments,2019-07-27 08:57:36,0,0,0,0,0,0,0,0
10157332217546558_10157332726241558,274699336557_10157332217546558,10157332217546558_10157332272111558,Kenneth Kabbaj nee ik zei nie man van de match ik zeg ik weet nie wie ?slecht gelezen ğŸ˜ƒğŸ˜ƒğŸ˜ƒğŸ‘,author of comments,2019-07-27 09:00:00,0,0,0,0,0,0,0,0
10157332217546558_10157332726591558,274699336557_10157332217546558,10157332217546558_10157332272111558,"Pol Corthouts dat wel ja maar was wel een houdbare bal maar de 3punten zijn in
Genk gebleven das wa telt",author of comments,2019-07-27 09:00:08,1,1,0,0,0,0,0,0
10157332217546558_10157332273161558,274699336557_10157332217546558,,"Bryan Heynen was de beste man op het plein, geweldige twee helft.",author of comments,2019-07-27 03:48:29,2,2,0,0,0,0,0,0
10157332217546558_10157332285046558,274699336557_10157332217546558,,Love you Ianis Hagiâ¤â¤â¤ğŸ‡·ğŸ‡´ many goals for your team and for national teamâ¤â¤â¤â¤,author of comments,2019-07-27 04:00:04,3,2,1,0,0,0,0,0
10157332217546558_10157332325311558,274699336557_10157332217546558,10157332217546558_10157332285046558,Mono Olympiakos â¤ğŸ”,author of comments,2019-07-27 04:33:27,0,0,0,0,0,0,0,0
10157332217546558_10157332285246558,274699336557_10157332217546558,,Hoe kan iemand man van de match zijn als die maar 17 min speelde...,author of comments,2019-07-27 04:00:22,0,0,0,0,0,0,0,0
10157332217546558_10157332410541558,274699336557_10157332217546558,10157332217546558_10157332285246558,When he can help the team in only 15 min to win :) then he deserve your respect... be smart please,author of comments,2019-07-27 05:44:37,0,0,0,0,0,0,0,0
10157332217546558_10157333029041558,274699336557_10157332217546558,10157332217546558_10157332285246558,Mihai Balan wow alle respect hoor maar man van de match ....dus als hij 90 minuten speelt en niet scoort kan hij dan niet man van de match zijn ....,author of comments,2019-07-27 11:18:22,0,0,0,0,0,0,0,0
10157332217546558_10157332286641558,274699336557_10157332217546558,,"Dat is de spelers die een volledige match gespeeld hebben oneer aandoen ,voor mij Heynen of Ito ;",author of comments,2019-07-27 04:02:03,2,2,0,0,0,0,0,0
10157332217546558_10157332289306558,274699336557_10157332217546558,,Als ploeg sterke prestatie!maar Mijn man of the match was zeker heynen gaat gewoon verder op de heel sterke Play offs die hij speelde en waar hij ook de beste was!,author of comments,2019-07-27 04:04:50,3,3,0,0,0,0,0,0
10157332217546558_10157332289531558,274699336557_10157332217546558,,"Gans de ploeg was goed ,niet 1 spelerğŸ˜ŠğŸ’™",author of comments,2019-07-27 04:05:12,2,1,0,0,1,0,0,0
10157332217546558_10157332308291558,274699336557_10157332217546558,10157332217546558_10157332289531558,Winny Cools zal ik u anders eens het concept 'Man Of The Match' uitleggen?,author of comments,2019-07-27 04:19:49,9,6,1,0,2,0,0,0
10157332217546558_10157332329896558,274699336557_10157332217546558,10157332217546558_10157332289531558,"Kenneth Kabbaj  niet nodig,ik weet wat man van de match is,maar ik  ben voor een heel ploeg niet voor 1 spelerğŸ˜€",author of comments,2019-07-27 04:37:33,2,0,0,0,2,0,0,0
10157332217546558_10157332385111558,274699336557_10157332217546558,10157332217546558_10157332289531558,En buiten zijn doelpunt heeft hij ook geen onvergetelijke indruk nagelaten,author of comments,2019-07-27 05:24:12,0,0,0,0,0,0,0,0
10157332217546558_10157332434756558,274699336557_10157332217546558,10157332217546558_10157332289531558,Winny Cools dus jij vond benson goed spelen dan ???,author of comments,2019-07-27 06:03:54,0,0,0,0,0,0,0,0
10157332217546558_10157337462801558,274699336557_10157332217546558,10157332217546558_10157332289531558,Winny Cools Daarom is Benson ook vervangen omdat hij zo goed was !,author of comments,2019-07-29 02:46:22,0,0,0,0,0,0,0,0
10157332217546558_10157337463771558,274699336557_10157332217546558,10157332217546558_10157332289531558,Johan Kiggen heb ik jou iets gevraagd misschien ?Nee tochğŸ˜„ğŸ˜„,author of comments,2019-07-29 02:47:20,0,0,0,0,0,0,0,0
10157332217546558_10157332289581558,274699336557_10157332217546558,,De meeste kijken gewoon wie de goal maakt. Ze moeten meer naar het spelletje zelf kijken. Is al meermaals geweest,author of comments,2019-07-27 04:05:14,1,1,0,0,0,0,0,0
10157332217546558_10157332294646558,274699336557_10157332217546558,,Heeft maar 15 MIN meegespeelt en dan weten ze al genoeg pppffff,author of comments,2019-07-27 04:08:21,0,0,0,0,0,0,0,0
10157332217546558_10157332348781558,274699336557_10157332217546558,10157332217546558_10157332294646558,ALS supporter zijt ge blij dat we hebben gewonnen maar voor de rest laat ik aan de andere,author of comments,2019-07-27 04:53:54,0,0,0,0,0,0,0,0
10157332217546558_10157332545296558,274699336557_10157332217546558,10157332217546558_10157332294646558,Walter Jarijch jongens kijk eens naar real 3-7 en dat met groot geld en wij is dat klein geld komt  nog in orde ğŸ‘,author of comments,2019-07-27 07:15:16,1,1,0,0,0,0,0,0
10157332217546558_10157332308406558,274699336557_10157332217546558,,Heynen en Ito vond ik toch wel klasse. Over Ianis kan ik mij niet uitspreken hij speelde amper een kwartiertje maar werkte wel zijn eerste baltoets perfect af en dat stemt hoopvol!,author of comments,2019-07-27 04:19:54,5,5,0,0,0,0,0,0
10157332217546558_10157332310741558,274699336557_10157332217546558,,Ito's assistants were wonderful.,author of comments,2019-07-27 04:22:07,9,7,2,0,0,0,0,0
10157332217546558_10157332315721558,274699336557_10157332217546558,,Man of the match????? Met Ã©Ã©n baltoets??????? Dan hadden Ito of Heynen meer recht daarop naar mijn mening....,author of comments,2019-07-27 04:25:54,8,8,0,0,0,0,0,0
10157332217546558_10157332319376558,274699336557_10157332217546558,10157332217546558_10157332315721558,Of die Cuesta. Speelde een onberispelijke wedstrijd.,author of comments,2019-07-27 04:29:23,1,1,0,0,0,0,0,0
10157332217546558_10157332320751558,274699336557_10157332217546558,10157332217546558_10157332315721558,"Janssen, klopt, ook tegen Mechelen van hij beresterk. Hij zal volgens mij de beste aankoop blijken",author of comments,2019-07-27 04:30:35,2,2,0,0,0,0,0,0
10157332217546558_10157332416181558,274699336557_10157332217546558,10157332217546558_10157332315721558,Belgium people alweeys they are not Dank bar ...all the players deserve respect ...and every day is time for everybody today Ianis tomorrow other ... go play you and give a goal in first 5 min in only 15 min play,author of comments,2019-07-27 05:49:32,0,0,0,0,0,0,0,0
10157332217546558_10157332544326558,274699336557_10157332217546558,10157332217546558_10157332315721558,"Mihai Balan, that does not make you the man of the match.  He scoared a goal in 15 minutes, after some great work from Ito, who was playing outstandig for the whole 90 minutes. When Ianis can do that, than he deserves to be the man of the match.....being the man of the match is not scoaring a goal in ten minutes, it is about being good the complete time you are on the pitch.....
After scoaring the goal yesterday Ianis nearly touched the ball....I didn't see any outstanding action, he even seemed a little bit lazy to me, we'll see the rest of the season if he is good and fits in the team or not, you can't see that after 15 minutes....to me Cuesta is a much bigger talent",author of comments,2019-07-27 07:14:26,0,0,0,0,0,0,0,0
10157332217546558_10157332556586558,274699336557_10157332217546558,10157332217546558_10157332315721558,Hagi heeft maar Ã©Ã©n bal fatsoenlijk geraakt.Voor het overige ging hij vlot neer als er een tegenstrever in zijn buurt kwam.Geef mij dan maar HEYNEN.Wat een werkkracht en spelinzicht.,author of comments,2019-07-27 07:22:47,1,1,0,0,0,0,0,0
10157332217546558_10157337447871558,274699336557_10157332217546558,10157332217546558_10157332315721558,Kurt De Ceuster Benson heeft geen bal geraakt !,author of comments,2019-07-29 02:32:30,0,0,0,0,0,0,0,0
10157332217546558_10157332315776558,274699336557_10157332217546558,,Normaal gezien moet dat een speler zijn die meer als 15 min.speelt.er zijn andere spelers die de hele wedstrijd goed hebben gespeeld,author of comments,2019-07-27 04:25:57,3,3,0,0,0,0,0,0
10157332217546558_10157332324326558,274699336557_10157332217546558,,Sorry maar Sander Berge had veel bal verlies door slecht in te spelen,author of comments,2019-07-27 04:32:32,0,0,0,0,0,0,0,0
10157332217546558_10157332329096558,274699336557_10157332217546558,,uronen was man of the match,author of comments,2019-07-27 04:36:28,3,3,0,0,0,0,0,0
10157332217546558_10157332329711558,274699336557_10157332217546558,,Ito vond ik toch een juistere keuze voor man of the match,author of comments,2019-07-27 04:37:16,5,5,0,0,0,0,0,0
10157332217546558_10157332467456558,274699336557_10157332217546558,10157332217546558_10157332329711558,Jurgen Volbragt idd wat een topper,author of comments,2019-07-27 06:27:53,0,0,0,0,0,0,0,0
10157332217546558_10157332339086558,274699336557_10157332217546558,,Voor mij was Ito man of the match,author of comments,2019-07-27 04:44:22,5,5,0,0,0,0,0,0
10157332217546558_10157332341866558,274699336557_10157332217546558,,Heynen,author of comments,2019-07-27 04:46:13,0,0,0,0,0,0,0,0
10157332217546558_10157332342321558,274699336557_10157332217546558,,Heynen was man van de match ik was er live bij,author of comments,2019-07-27 04:46:45,1,1,0,0,0,0,0,0
10157332217546558_10157333093356558,274699336557_10157332217546558,10157332217546558_10157332342321558,ik ook voor mij URONEN,author of comments,2019-07-27 11:44:10,0,0,0,0,0,0,0,0
10157332217546558_10157332342641558,274699336557_10157332217546558,,Wa mij betreft toch ito..,author of comments,2019-07-27 04:47:13,3,3,0,0,0,0,0,0
10157332217546558_10157332348381558,274699336557_10157332217546558,,"Hagi is the best player, congratulations.",author of comments,2019-07-27 04:53:18,1,1,0,0,0,0,0,0
10157332217546558_10157332361011558,274699336557_10157332217546558,,for me ito man of the match,author of comments,2019-07-27 05:05:34,2,2,0,0,0,0,0,0
10157332217546558_10157332377011558,274699336557_10157332217546558,,"Ito speelde zo gedreven, prachtig om naar te kijken.",author of comments,2019-07-27 05:17:36,3,3,0,0,0,0,0,0
10157332217546558_10157332399056558,274699336557_10157332217546558,,"Ito is voor mij man of the match,",author of comments,2019-07-27 05:34:47,1,1,0,0,0,0,0,0
10157332217546558_10157332407441558,274699336557_10157332217546558,,Benson heeft een beetje van pozuelo geen bal afgeven alleen als het niet meer gaat en vast zit even op de bank dan leren ze her wel.,author of comments,2019-07-27 05:41:51,1,1,0,0,0,0,0,0
10157332217546558_10157337456541558,274699336557_10157332217546558,10157332217546558_10157332407441558,Jean Vanloffelt Hij is hier nog geweest nog niks verandert zal zo blijven !,author of comments,2019-07-29 02:41:05,0,0,0,0,0,0,0,0
10157332217546558_10157332408031558,274699336557_10157332217546558,,"Zalige afwerking van Hagi, maar man van de match was in mijn ogen Heynen.",author of comments,2019-07-27 05:42:24,1,1,0,0,0,0,0,0
10157332217546558_10157332515351558,274699336557_10157332217546558,10157332217546558_10157332408031558,"Mathias Deldime ben ik mee eens, ijzersterke wedstrijd gespeeld.",author of comments,2019-07-27 06:57:36,1,1,0,0,0,0,0,0
10157332217546558_10157332409456558,274699336557_10157332217546558,,Heynen,author of comments,2019-07-27 05:43:33,0,0,0,0,0,0,0,0
10157332217546558_10157332415276558,274699336557_10157332217546558,,Ito of Uronen,author of comments,2019-07-27 05:48:19,1,1,0,0,0,0,0,0
10157332217546558_10157332417051558,274699336557_10157332217546558,,The others played 75 minutes and the score was 1-1. Guess who made the difference ... Of course .... IANIS !!,author of comments,2019-07-27 05:50:34,0,0,0,0,0,0,0,0
10157332217546558_10157332427101558,274699336557_10157332217546558,,"FelicitÄƒri!
Congratulations!",author of comments,2019-07-27 05:58:50,1,1,0,0,0,0,0,0
10157332217546558_10157332430201558,274699336557_10157332217546558,,"Sorry maar dat moest Heynen zijn, heel de match goed gespeeld",author of comments,2019-07-27 06:01:18,1,1,0,0,0,0,0,0
10157332217546558_10157332645426558,274699336557_10157332217546558,10157332217546558_10157332430201558,Tristan Satschko vind ik ook,author of comments,2019-07-27 08:15:57,0,0,0,0,0,0,0,0
10157332217546558_10157332438201558,274699336557_10157332217546558,,Nie zagen allemaal vorig jaar vaak leandro man vd match terwijl je hem 88 min niet zag buiten zen doelpunt en toen allemaal maar stemmen op hem en toen hoorde we niemand klagen ğŸ˜ğŸ˜ğŸ‘ŠğŸ‘ŠğŸ‘Š,author of comments,2019-07-27 06:06:15,1,1,0,0,0,0,0,0
10157332217546558_10157332484961558,274699336557_10157332217546558,,"Congratulations ! Maar het was vooral de verdienste van Ito. Het is te hopen  dat hij die lijn kan doortrekken, en voetjes op de grond houden, want een zwaluw maakt  nog geen  lente",author of comments,2019-07-27 06:37:31,2,2,0,0,0,0,0,0
10157332217546558_10157332496656558,274699336557_10157332217546558,,Zoiezo Heynen.,author of comments,2019-07-27 06:45:22,0,0,0,0,0,0,0,0
10157332217546558_10157332498691558,274699336557_10157332217546558,,Er op komen en direkt de winner tegen de netten knallen verdient het wel toch.,author of comments,2019-07-27 06:46:37,1,1,0,0,0,0,0,0
10157332217546558_10157332515321558,274699336557_10157332217546558,,"MOTM: Voor mij ging het tussen Cuesma en Heynen. Het moment van de match was de vrije trap van Uronen naar Ito (wat een loopactie, aanname en assist!) en de afwerking van Hagi.",author of comments,2019-07-27 06:57:34,1,1,0,0,0,0,0,0
10157332217546558_10157333723071558,274699336557_10157332217546558,10157332217546558_10157332515321558,"Alex Bruyninckx 
Cuesta .... een topper",author of comments,2019-07-27 16:14:44,0,0,0,0,0,0,0,0
10157332217546558_10157332530411558,274699336557_10157332217546558,,MÃ¢Å£u Mihaela Oana,author of comments,2019-07-27 07:04:50,1,0,1,0,0,0,0,0
10157332217546558_10157332560086558,274699336557_10157332217546558,,Welke supporters hebben die gekozen.Waren ze zat of blind.Heynen en Cuesma staken er met kop en schouders bovenuit.,author of comments,2019-07-27 07:25:34,0,0,0,0,0,0,0,0
10157332217546558_10157337461711558,274699336557_10157332217546558,10157332217546558_10157332560086558,Lambert Ramaekers Die van de Ford hebben die gekozen Lambert !,author of comments,2019-07-29 02:44:49,0,0,0,0,0,0,0,0
10157332217546558_10157341731326558,274699336557_10157332217546558,10157332217546558_10157332560086558,Johan Kiggen Ford???Dat is verleden tijd.Wat heeft dat bedrijf er feitelijk mee te maken? Graag antwoord.,author of comments,2019-07-30 15:40:23,0,0,0,0,0,0,0,0
10157332217546558_10157332566636558,274699336557_10157332217546558,,Idd ma vond heynen en berge toch sterker,author of comments,2019-07-27 07:29:30,0,0,0,0,0,0,0,0
10157332217546558_10157332745946558,274699336557_10157332217546558,10157332217546558_10157332566636558,"Sander Smeekes  zeker en vooral ito alweer , maar vaak is degene die t beslist da matchwinaar wordt dusja ...",author of comments,2019-07-27 09:08:38,1,1,0,0,0,0,0,0
10157332217546558_10157333395101558,274699336557_10157332217546558,10157332217546558_10157332566636558,Ronald Simons eigenlijk niet waardig tegenwoordig wordt er alleen gekeken die wat het doelpunt maakt. Diegene die goed aanwezig is in een match moet de man zijn,author of comments,2019-07-27 13:40:27,0,0,0,0,0,0,0,0
10157332217546558_10157332575776558,274699336557_10157332217546558,,"Ito speelde een geweldig wedstrijd, hij had het meer verdiend. Vanaf de eerste minuut vol gedrevenheid er zo voor gaan !",author of comments,2019-07-27 07:35:13,3,3,0,0,0,0,0,0
10157332217546558_10157332623146558,274699336557_10157332217546558,,15 min = 1 goal = 3 pct = Victory - Hagi,author of comments,2019-07-27 08:02:29,0,0,0,0,0,0,0,0
10157332217546558_10157332627921558,274699336557_10157332217546558,,Andi ER,author of comments,2019-07-27 08:04:51,0,0,0,0,0,0,0,0
10157332217546558_10157332668976558,274699336557_10157332217546558,,FelicitÄƒri Ianis! â¤ï¸ğŸ‡·ğŸ‡´ğŸ’ªğŸ» ai inceput cu dreptul!,author of comments,2019-07-27 08:30:30,1,1,0,0,0,0,0,0
10157332217546558_10157332708551558,274699336557_10157332217546558,,Two words... Junya Ito!! ğŸ˜Š,author of comments,2019-07-27 08:50:01,2,2,0,0,0,0,0,0
10157332217546558_10157332739571558,274699336557_10157332217546558,,ğŸ‡·ğŸ‡´ We hope that he will score for you in every match! Good luck Hagi! Good luck Genk!,author of comments,2019-07-27 09:05:40,1,1,0,0,0,0,0,0
10157332217546558_10157332867186558,274699336557_10157332217546558,,heynen,author of comments,2019-07-27 10:07:19,0,0,0,0,0,0,0,0
10157332217546558_10157333107691558,274699336557_10157332217546558,,Proficiat heel de ploeg x,author of comments,2019-07-27 11:50:11,1,1,0,0,0,0,0,0
10157332217546558_10157333158996558,274699336557_10157332217546558,,Heynen? Cuesta? Nygren?,author of comments,2019-07-27 12:07:50,2,1,0,0,1,0,0,0
10157332217546558_10157333231516558,274699336557_10157332217546558,,Gano was ook top... das de Mignolet van KRC ğŸ˜€,author of comments,2019-07-27 12:36:11,1,1,0,0,0,0,0,0
10157332217546558_10157333464301558,274699336557_10157332217546558,,"Jongens, Ito was zeker top, en die gaat ook top blijven, ben ik zeker van! Maar hoe mooi is het voor deze jongen, invallen, eerste baltoets kassa! Ik herinner me vroeger Josip Skoko, viel in, scoorde meteen, en we waren vertrokken. Heb dit gevoel weer, want deze jongen is een topper daar ben ik zeker van! Ik gun het hem van harte (maar Ito had het zeker ook verdiend ğŸ™‚)",author of comments,2019-07-27 14:12:11,2,2,0,0,0,0,0,0
10157332217546558_10157335851616558,274699336557_10157332217546558,10157332217546558_10157333464301558,Andy Jordens bravo genk,author of comments,2019-07-28 11:54:21,0,0,0,0,0,0,0,0
10157332217546558_10157337652081558,274699336557_10157332217546558,10157332217546558_10157333464301558,"Andy Jordens oui . A lâ€™avenir ils formeront une belle Ã©quipe avec Hagi Samata Ito , cava Ãªtre du lourd ....",author of comments,2019-07-29 05:38:10,0,0,0,0,0,0,0,0
10157332217546558_10157333513621558,274699336557_10157332217546558,,Nick Willems,author of comments,2019-07-27 14:39:03,1,0,0,0,1,0,0,0
10157332217546558_10157333797866558,274699336557_10157332217546558,,Voor mij overduidelijk Uronen en Heynen.,author of comments,2019-07-27 16:53:34,0,0,0,0,0,0,0,0
10157332217546558_10157333822216558,274699336557_10157332217546558,,ğŸ’™ğŸ’™ğŸ’™,author of comments,2019-07-27 17:04:12,0,0,0,0,0,0,0,0
10157332217546558_10157334775921558,274699336557_10157332217546558,,Bine JanoÈ™!ğŸ˜ğŸ‰,author of comments,2019-07-28 01:31:44,0,0,0,0,0,0,0,0
10157332217546558_10157334985281558,274699336557_10157332217546558,,Finale Score,author of comments,2019-07-28 04:07:42,0,0,0,0,0,0,0,0
10157332217546558_10157335273726558,274699336557_10157332217546558,,"Beste voetbalvrienden ,   Wij hebben een groep met bijna 1000 leden van alle verschillende ploegen van BelgiÃ«.  kom snel een kijkje nemen en ik beloof u dat je zal blijven plakken â€¦. wij maken samen analyses , prognoses , zeveren over voetbal , we hebben maar 1 regel hou het netjes of je vliegt eruit , ons moderatorteam ziet erop toe dat niemand het te gortig maakt !  we houden ook prono's en kiezen wekelijks de speler en elftal van de maand , er is voor elk wat wils !  kom dus snel af en wordt nu ook een Voetbalzeveraar â€¦..  klik op de onderstaande link https://www.facebook.com/groups/Voetbalzeveraars",author of comments,2019-07-28 07:25:53,0,0,0,0,0,0,0,0
10157332217546558_10157337453876558,274699336557_10157332217546558,10157332217546558_10157335273726558,Kurt De CeusterHebt ge ook zever lapjes om U zever aftevegen ?,author of comments,2019-07-29 02:39:36,0,0,0,0,0,0,0,0
10157332217546558_10157335780226558,274699336557_10157332217546558,,Voor mij was het Ito toch,author of comments,2019-07-28 11:20:43,0,0,0,0,0,0,0,0
10157332217546558_10157336121926558,274699336557_10157332217546558,,BobbyDeejay Dan,author of comments,2019-07-28 13:57:36,0,0,0,0,0,0,0,0
10157331059816558_10157334051336558,274699336557_10157331059816558,,Krc Genk top club dat club zit altijd in mij hart,author of comments,2019-07-27 18:33:53,0,0,0,0,0,0,0,0
10157331059816558_10157334988211558,274699336557_10157331059816558,,Finale score,author of comments,2019-07-28 04:09:49,0,0,0,0,0,0,0,0
10157331059816558_10157335143476558,274699336557_10157331059816558,,[[STICKER]],author of comments,2019-07-28 06:05:23,0,0,0,0,0,0,0,0
10157330896446558_10157334992336558,274699336557_10157330896446558,,Finale Score,author of comments,2019-07-28 04:12:50,0,0,0,0,0,0,0,0
10157330896446558_10157335665176558,274699336557_10157330896446558,,Felicitari tine o tot asa multa sanatate sa ai,author of comments,2019-07-28 10:29:47,0,0,0,0,0,0,0,0
10157330891021558_10157334995696558,274699336557_10157330891021558,,Finale score,author of comments,2019-07-28 04:14:25,0,0,0,0,0,0,0,0
10157330785901558_10157347259041558,274699336557_10157330785901558,,Samatta,author of comments,2019-08-01 18:18:00,0,0,0,0,0,0,0,0
10157330511731558_10157334066416558,274699336557_10157330511731558,,[[GIF]],author of comments,2019-07-27 18:43:07,1,1,0,0,0,0,0,0
10157330511731558_10157336361976558,274699336557_10157330511731558,,Fantastic beginning you are our soul,author of comments,2019-07-28 15:22:20,0,0,0,0,0,0,0,0
10157330511731558_10157338418796558,274699336557_10157330511731558,,Piotrowski!,author of comments,2019-07-29 12:07:01,0,0,0,0,0,0,0,0
10157330511731558_10157347261246558,274699336557_10157330511731558,,Samatta,author of comments,2019-08-01 18:18:41,0,0,0,0,0,0,0,0
10157330237386558_10157335253336558,274699336557_10157330237386558,,"mensen toch ......een uitleenbeurt is het beste voor beide partijen .
ik genk weinig kans om te spelen 
kijk maar naar het voorbeeld van trossaert .
kan alleen maar beter worden ....en als hij terug komt is het alleen maar om te spelen en te scoren .
Dimi weet wel wat hij doet .",author of comments,2019-07-28 07:15:37,0,0,0,0,0,0,0,0
10157330237386558_10157336143716558,274699336557_10157330237386558,,Waarom aankoopoptie!?! ğŸ¤¦ğŸ»â€â™‚ï¸,author of comments,2019-07-28 14:05:26,1,0,0,0,0,1,0,0
10157321763551558_10157335081236558,274699336557_10157321763551558,,Wanneer zijn de winnaars bekend?,author of comments,2019-07-28 05:16:59,3,3,0,0,0,0,0,0
